{
  "IntTL_original": {
    "accuracy": 0.9459459459459459,
    "macro_f1": 0.3627662120124432,
    "weighted_f1": 0.9364491144821369,
    "per_class": {
      "neutral": {
        "precision": 0.9613478691774033,
        "recall": 0.9887869520897044,
        "f1-score": 0.9748743718592965,
        "support": 981.0
      },
      "happy": {
        "precision": 0.0,
        "recall": 0.0,
        "f1-score": 0.0,
        "support": 10.0
      },
      "sad": {
        "precision": 0.7692307692307693,
        "recall": 0.3448275862068966,
        "f1-score": 0.47619047619047616,
        "support": 29.0
      },
      "negative": {
        "precision": 0.0,
        "recall": 0.0,
        "f1-score": 0.0,
        "support": 16.0
      },
      "accuracy": 0.9459459459459459,
      "macro avg": {
        "precision": 0.4326446596020431,
        "recall": 0.33340363457415023,
        "f1-score": 0.3627662120124432,
        "support": 1036.0
      },
      "weighted avg": {
        "precision": 0.9318435829833253,
        "recall": 0.9459459459459459,
        "f1-score": 0.9364491144821369,
        "support": 1036.0
      }
    }
  },
  "FCNN_original": {
    "accuracy": 0.8832046332046332,
    "macro_f1": 0.26311054879747425,
    "weighted_f1": 0.8912593338665862,
    "per_class": {
      "neutral": {
        "precision": 0.9528795811518325,
        "recall": 0.9276248725790011,
        "f1-score": 0.9400826446280992,
        "support": 981.0
      },
      "happy": {
        "precision": 0.06329113924050633,
        "recall": 0.5,
        "f1-score": 0.11235955056179775,
        "support": 10.0
      },
      "sad": {
        "precision": 0.0,
        "recall": 0.0,
        "f1-score": 0.0,
        "support": 29.0
      },
      "negative": {
        "precision": 0.0,
        "recall": 0.0,
        "f1-score": 0.0,
        "support": 16.0
      },
      "accuracy": 0.8832046332046332,
      "macro avg": {
        "precision": 0.2540426800980847,
        "recall": 0.35690621814475026,
        "f1-score": 0.26311054879747425,
        "support": 1036.0
      },
      "weighted avg": {
        "precision": 0.9029032630331589,
        "recall": 0.8832046332046332,
        "f1-score": 0.8912593338665862,
        "support": 1036.0
      }
    }
  },
  "LateFusion_original": {
    "accuracy": 0.9305019305019305,
    "macro_f1": 0.2964388013771548,
    "weighted_f1": 0.9191246114221058,
    "best_cnn_weight": 0.05,
    "per_class": {
      "neutral": {
        "precision": 0.9561752988047809,
        "recall": 0.9785932721712538,
        "f1-score": 0.9672544080604534,
        "support": 981.0
      },
      "happy": {
        "precision": 0.10714285714285714,
        "recall": 0.3,
        "f1-score": 0.15789473684210525,
        "support": 10.0
      },
      "sad": {
        "precision": 0.25,
        "recall": 0.034482758620689655,
        "f1-score": 0.06060606060606061,
        "support": 29.0
      },
      "negative": {
        "precision": 0.0,
        "recall": 0.0,
        "f1-score": 0.0,
        "support": 16.0
      },
      "accuracy": 0.9305019305019305,
      "macro avg": {
        "precision": 0.32832953898690953,
        "recall": 0.3282690076979859,
        "f1-score": 0.2964388013771548,
        "support": 1036.0
      },
      "weighted avg": {
        "precision": 0.9134453636089949,
        "recall": 0.9305019305019305,
        "f1-score": 0.9191246114221058,
        "support": 1036.0
      }
    }
  },
  "IntTL_under_660": {
    "accuracy": 0.86003861003861,
    "macro_f1": 0.25705430501345594,
    "weighted_f1": 0.8855829321733186,
    "per_class": {
      "neutral": {
        "precision": 0.9641693811074918,
        "recall": 0.9051987767584098,
        "f1-score": 0.9337539432176656,
        "support": 981.0
      },
      "happy": {
        "precision": 0.04081632653061224,
        "recall": 0.2,
        "f1-score": 0.06779661016949153,
        "support": 10.0
      },
      "sad": {
        "precision": 0.021739130434782608,
        "recall": 0.034482758620689655,
        "f1-score": 0.02666666666666667,
        "support": 29.0
      },
      "negative": {
        "precision": 0.0,
        "recall": 0.0,
        "f1-score": 0.0,
        "support": 16.0
      },
      "accuracy": 0.86003861003861,
      "macro avg": {
        "precision": 0.2566812095182217,
        "recall": 0.28492038384477486,
        "f1-score": 0.25705430501345594,
        "support": 1036.0
      },
      "weighted avg": {
        "precision": 0.9139852904578807,
        "recall": 0.86003861003861,
        "f1-score": 0.8855829321733186,
        "support": 1036.0
      }
    }
  },
  "FCNN_under_660": {
    "accuracy": 0.9092664092664092,
    "macro_f1": 0.3477240135977568,
    "weighted_f1": 0.9140151236966213,
    "per_class": {
      "neutral": {
        "precision": 0.9636174636174636,
        "recall": 0.944954128440367,
        "f1-score": 0.9541945445187854,
        "support": 981.0
      },
      "happy": {
        "precision": 0.09090909090909091,
        "recall": 0.1,
        "f1-score": 0.09523809523809523,
        "support": 10.0
      },
      "sad": {
        "precision": 0.2641509433962264,
        "recall": 0.4827586206896552,
        "f1-score": 0.34146341463414637,
        "support": 29.0
      },
      "negative": {
        "precision": 0.0,
        "recall": 0.0,
        "f1-score": 0.0,
        "support": 16.0
      },
      "accuracy": 0.9092664092664092,
      "macro avg": {
        "precision": 0.3296693744806952,
        "recall": 0.38192818728250555,
        "f1-score": 0.3477240135977568,
        "support": 1036.0
      },
      "weighted avg": {
        "precision": 0.9207318533555147,
        "recall": 0.9092664092664092,
        "f1-score": 0.9140151236966213,
        "support": 1036.0
      }
    }
  },
  "LateFusion_under_660": {
    "accuracy": 0.9208494208494209,
    "macro_f1": 0.4047508643354186,
    "weighted_f1": 0.9287501730075977,
    "best_cnn_weight": 0.25,
    "per_class": {
      "neutral": {
        "precision": 0.9739311783107404,
        "recall": 0.9520897043832823,
        "f1-score": 0.9628865979381444,
        "support": 981.0
      },
      "happy": {
        "precision": 0.046511627906976744,
        "recall": 0.2,
        "f1-score": 0.07547169811320754,
        "support": 10.0
      },
      "sad": {
        "precision": 0.5454545454545454,
        "recall": 0.6206896551724138,
        "f1-score": 0.5806451612903226,
        "support": 29.0
      },
      "negative": {
        "precision": 0.0,
        "recall": 0.0,
        "f1-score": 0.0,
        "support": 16.0
      },
      "accuracy": 0.9208494208494209,
      "macro avg": {
        "precision": 0.39147433791806563,
        "recall": 0.44319483988892405,
        "f1-score": 0.4047508643354186,
        "support": 1036.0
      },
      "weighted avg": {
        "precision": 0.9379438069691968,
        "recall": 0.9208494208494209,
        "f1-score": 0.9287501730075977,
        "support": 1036.0
      }
    }
  },
  "IntTL_under_382": {
    "accuracy": 0.8484555984555985,
    "macro_f1": 0.3221915440368694,
    "weighted_f1": 0.8908722605045338,
    "per_class": {
      "neutral": {
        "precision": 0.9874715261958997,
        "recall": 0.8837920489296636,
        "f1-score": 0.9327595481441635,
        "support": 981.0
      },
      "happy": {
        "precision": 0.03260869565217391,
        "recall": 0.3,
        "f1-score": 0.058823529411764705,
        "support": 10.0
      },
      "sad": {
        "precision": 0.16666666666666666,
        "recall": 0.2413793103448276,
        "f1-score": 0.19718309859154928,
        "support": 29.0
      },
      "negative": {
        "precision": 0.08333333333333333,
        "recall": 0.125,
        "f1-score": 0.1,
        "support": 16.0
      },
      "accuracy": 0.8484555984555985,
      "macro avg": {
        "precision": 0.3175200554620184,
        "recall": 0.3875428398186228,