{
  "CNN_B1": {
    "accuracy": 0.7288135593220338,
    "macro_f1": 0.46113230838289754,
    "weighted_f1": 0.6592760994314777
  },
  "FCNN_B1": {
    "accuracy": 0.6779661016949152,
    "macro_f1": 0.39474789915966385,
    "weighted_f1": 0.6142572283150548
  },
  "Intermediate_B1": {
    "accuracy": 0.6949152542372882,
    "macro_f1": 0.31604108309990664,
    "weighted_f1": 0.5845663010967098
  },
  "CNN_TL_B1": {
    "accuracy": 0.9491525423728814,
    "macro_f1": 0.9127499484642341,
    "weighted_f1": 0.9460892215129503
  },
  "Intermediate_TL_B1": {
    "accuracy": 0.8813559322033898,
    "macro_f1": 0.8332861650052933,
    "weighted_f1": 0.885548139498154
  },
  "Late_Fusion_B1": {
    "accuracy": 0.7796610169491526,
    "macro_f1": 0.498015873015873,
    "weighted_f1": 0.6939736346516008,
    "best_cnn_weight": 0.6000000000000001
  }
}