{
  "CNN_B1": {
    "accuracy": 0.7903225806451613,
    "macro_f1": 0.6445454545454545,
    "weighted_f1": 0.7761876832844575
  },
  "FCNN_B1": {
    "accuracy": 0.7580645161290323,
    "macro_f1": 0.5920634920634921,
    "weighted_f1": 0.7396825396825397
  },
  "Intermediate_B1": {
    "accuracy": 0.7580645161290323,
    "macro_f1": 0.5672953964194374,
    "weighted_f1": 0.7397801336523389
  },
  "CNN_TL_B1": {
    "accuracy": 0.9032258064516129,
    "macro_f1": 0.6747881355932204,
    "weighted_f1": 0.8904748886979614
  },
  "Intermediate_TL_B1": {
    "accuracy": 0.9032258064516129,
    "macro_f1": 0.8370386675471421,
    "weighted_f1": 0.9018388209202862
  },
  "Late_Fusion_B1": {
    "accuracy": 0.7580645161290323,
    "macro_f1": 0.5920634920634921,
    "weighted_f1": 0.7396825396825397,
    "best_cnn_weight": 0.8
  }
}