{
  "CNN_B1": {
    "accuracy": 0.7903225806451613,
    "macro_f1": 0.6445454545454545,
    "weighted_f1": 0.7761876832844575,
    "micro_f1": 0.7903225806451613
  },
  "FCNN_B1": {
    "accuracy": 0.7580645161290323,
    "macro_f1": 0.5920634920634921,
    "weighted_f1": 0.7396825396825397,
    "micro_f1": 0.7580645161290323
  },
  "Intermediate_B1": {
    "accuracy": 0.7580645161290323,
    "macro_f1": 0.5672953964194374,
    "weighted_f1": 0.7397801336523389,
    "micro_f1": 0.7580645161290323
  },
  "CNN_TL_B1": {
    "accuracy": 0.9032258064516129,
    "macro_f1": 0.6747881355932204,
    "weighted_f1": 0.8904748886979614,
    "micro_f1": 0.9032258064516129
  },
  "Intermediate_TL_B1": {
    "accuracy": 0.9032258064516129,
    "macro_f1": 0.8370386675471421,
    "weighted_f1": 0.9018388209202862,
    "micro_f1": 0.9032258064516129
  },
  "Late_Fusion_B1": {
    "accuracy": 0.7580645161290323,
    "macro_f1": 0.5920634920634921,
    "weighted_f1": 0.7396825396825397,
    "best_cnn_weight": 0.8,
    "micro_f1": 0.7580645161290323
  },
  "Late_Fusion_TL_B1": {
    "macro_f1": 0.6038527934714375,
    "micro_f1": 0.8064516129032258,
    "weighted_f1": 0.8033862867788509,
    "accuracy": 0.8064516129032258,
    "best_cnn_tl_weight": 0.9
  }
}