{
  "B1 Baseline": {
    "accuracy": 0.7933261571582346,
    "macro_f1": 0.27344937975190076,
    "weighted_f1": 0.7819559901463277
  },
  "B2 Class Weights": {
    "accuracy": 0.7502691065662002,
    "macro_f1": 0.24325009117812837,
    "weighted_f1": 0.746188564618388
  },
  "B3 Weights+Aug": {
    "accuracy": 0.8073196986006459,
    "macro_f1": 0.2405117750821992,
    "weighted_f1": 0.7969241583505686
  }
}