{
  "B1 Baseline": {
    "accuracy": 0.7922497308934338,
    "macro_f1": 0.2769038177433882,
    "weighted_f1": 0.7996774225874025
  },
  "B2 Class Weights": {
    "accuracy": 0.8245425188374597,
    "macro_f1": 0.2832847783279507,
    "weighted_f1": 0.824877063361075
  },
  "B3 Weights+Aug": {
    "accuracy": 0.8245425188374597,
    "macro_f1": 0.29166744506856707,
    "weighted_f1": 0.825612130126591
  }
}