{
  "B1 Baseline": {
    "accuracy": 0.829924650161464,
    "macro_f1": 0.3006468722782184,
    "weighted_f1": 0.8268927656427121,
    "best_cnn_weight": 0.4
  },
  "B2 Class Weights": {
    "accuracy": 0.8191603875134553,
    "macro_f1": 0.2637285299074082,
    "weighted_f1": 0.8083559473083418,
    "best_cnn_weight": 0.5
  },
  "B3 Weights+Aug": {
    "accuracy": 0.8493003229278795,
    "macro_f1": 0.26012664094644183,
    "weighted_f1": 0.8364244801809168,
    "best_cnn_weight": 0.4
  }
}