{
  "B1 Baseline": {
    "accuracy": 0.829924650161464,
    "macro_f1": 0.3006468722782184,
    "weighted_f1": 0.8268927656427121,
    "best_cnn_weight": 0.4
  }
}