{
  "EarlyFusion_B1": {
    "accuracy": 0.8223896663078579,
    "macro_f1": 0.45742478613299165,
    "micro_f1": 0.8223896663078579,
    "weighted_f1": 0.8159991294078547
  },
  "EarlyFusion_B2": {
    "accuracy": 0.689989235737352,
    "macro_f1": 0.4269706718198056,
    "micro_f1": 0.689989235737352,
    "weighted_f1": 0.7284637850810086
  },
  "EarlyFusion_B3": {
    "accuracy": 0.7276641550053822,
    "macro_f1": 0.4273086539797194,
    "micro_f1": 0.7276641550053822,
    "weighted_f1": 0.7520311022745505
  },
  "EarlyFusion_TL_B1": {
    "accuracy": 0.7696447793326158,
    "macro_f1": 0.47103593212107364,
    "micro_f1": 0.7696447793326158,
    "weighted_f1": 0.7697124874626177
  },
  "EarlyFusion_TL_B2": {
    "accuracy": 0.6415500538213132,
    "macro_f1": 0.42431465788426714,
    "micro_f1": 0.6415500538213132,
    "weighted_f1": 0.6679201613366433
  },
  "EarlyFusion_TL_B3": {
    "accuracy": 0.6781485468245425,
    "macro_f1": 0.43278090853289225,
    "micro_f1": 0.6781485468245425,
    "weighted_f1": 0.7086225717352279
  }
}