{
  "EarlyFusion_B1": {
    "accuracy": 0.7944025834230355,
    "macro_f1": 0.2463760326773181,
    "micro_f1": 0.7944025834230355,
    "weighted_f1": 0.7860811039686946
  },
  "EarlyFusion_B2": {
    "accuracy": 0.5199138858988159,
    "macro_f1": 0.20486542105395605,
    "micro_f1": 0.5199138858988159,
    "weighted_f1": 0.5516247379500386
  },
  "EarlyFusion_B3": {
    "accuracy": 0.6803013993541442,
    "macro_f1": 0.2637970197727571,
    "micro_f1": 0.6803013993541442,
    "weighted_f1": 0.7259615880479565
  },
  "EarlyFusion_TL_B1": {
    "accuracy": 0.71259418729817,
    "macro_f1": 0.25334504355390075,
    "micro_f1": 0.71259418729817,
    "weighted_f1": 0.7223938861639793
  },
  "EarlyFusion_TL_B2": {
    "accuracy": 0.6361679224973089,
    "macro_f1": 0.24670011697428212,
    "micro_f1": 0.6361679224973089,
    "weighted_f1": 0.6634193292472765
  },
  "EarlyFusion_TL_B3": {
    "accuracy": 0.7534983853606028,
    "macro_f1": 0.33298361145755245,
    "micro_f1": 0.7534983853606028,
    "weighted_f1": 0.7729275576289523
  }
}