{
  "B1 Baseline": {
    "accuracy": 0.9190821256038647,
    "macro_f1": 0.2450701185860244,
    "weighted_f1": 0.9189939206426749
  },
  "B2 Class Weights": {
    "accuracy": 0.8725845410628019,
    "macro_f1": 0.2581426842413979,
    "weighted_f1": 0.8954962755369705
  },
  "B3 Weights+Aug": {
    "accuracy": 0.8297101449275363,
    "macro_f1": 0.23797858827798948,
    "weighted_f1": 0.8750082911325644
  }
}