{
  "B1 Baseline": {
    "accuracy": 0.9583333333333334,
    "macro_f1": 0.33012207470747074,
    "weighted_f1": 0.9429506809376591
  },
  "B2 Class Weights": {
    "accuracy": 0.928743961352657,
    "macro_f1": 0.32715166739956825,
    "weighted_f1": 0.928795738727418
  },
  "B3 Weights+Aug": {
    "accuracy": 0.9438405797101449,
    "macro_f1": 0.39412120311527354,
    "weighted_f1": 0.9430556119805052
  }
}