{
  "B1 Baseline": {
    "accuracy": 0.9583333333333334,
    "macro_f1": 0.23427997837326892,
    "weighted_f1": 0.9524038827060335
  },
  "B2 Class Weights": {
    "accuracy": 0.8913043478260869,
    "macro_f1": 0.18903523392366156,
    "weighted_f1": 0.9116249557095883
  },
  "B3 Weights+Aug": {
    "accuracy": 0.9227053140096618,
    "macro_f1": 0.1817469080212935,
    "weighted_f1": 0.9273418123969833
  }
}