{
  "B1 Baseline": {
    "accuracy": 0.927536231884058,
    "macro_f1": 0.2820221169036335,
    "weighted_f1": 0.9320075402004104
  },
  "B2 Class Weights": {
    "accuracy": 0.927536231884058,
    "macro_f1": 0.2959698293294508,
    "weighted_f1": 0.9285893391571626
  },
  "B3 Weights+Aug": {
    "accuracy": 0.7916666666666666,
    "macro_f1": 0.23765360028820187,
    "weighted_f1": 0.8529435743268884
  }
}