{
  "B1 Baseline": {
    "accuracy": 0.9456521739130435,
    "macro_f1": 0.23218392462780701,
    "weighted_f1": 0.9486553223305619
  },
  "B2 Class Weights": {
    "accuracy": 0.9420289855072463,
    "macro_f1": 0.164927173584547,
    "weighted_f1": 0.9387288914355169
  },
  "B3 Weights+Aug": {
    "accuracy": 0.9510869565217391,
    "macro_f1": 0.18881374686721636,
    "weighted_f1": 0.941274834362275
  }
}