{
  "B1 Baseline": {
    "accuracy": 0.8851351351351351,
    "macro_f1": 0.15432273040968694,
    "weighted_f1": 0.9084638350942699
  },
  "B2 Class Weights": {
    "accuracy": 0.944015444015444,
    "macro_f1": 0.1388120076644667,
    "weighted_f1": 0.9200985102624446
  },
  "B3 Weights+Aug": {
    "accuracy": 0.9382239382239382,
    "macro_f1": 0.14697907134881924,
    "weighted_f1": 0.9201788445485924
  }
}