{
  "B1 Baseline": {
    "accuracy": 0.9198841698841699,
    "macro_f1": 0.1725594585660351,
    "weighted_f1": 0.924999165353568
  },
  "B2 Class Weights": {
    "accuracy": 0.9391891891891891,
    "macro_f1": 0.15431483327794396,
    "weighted_f1": 0.9187172502227337
  },
  "B3 Weights+Aug": {
    "accuracy": 0.9295366795366795,
    "macro_f1": 0.1804398979005056,
    "weighted_f1": 0.9178907033745316
  }
}