{
  "B1 Baseline": {
    "accuracy": 0.916023166023166,
    "macro_f1": 0.16694704176025366,
    "weighted_f1": 0.9110610984863057
  },
  "B2 Class Weights": {
    "accuracy": 0.9372586872586872,
    "macro_f1": 0.15713916311886447,
    "weighted_f1": 0.9206412264059817
  },
  "B3 Weights+Aug": {
    "accuracy": 0.9198841698841699,
    "macro_f1": 0.1647709255183479,
    "weighted_f1": 0.9112527336479902
  }
}