{
  "B1 Baseline": {
    "accuracy": 0.6328502415458938,
    "macro_f1": 0.11147855375647175,
    "weighted_f1": 0.7442858548966419
  },
  "B2 Class Weights": {
    "accuracy": 0.8448067632850241,
    "macro_f1": 0.1398763304150952,
    "weighted_f1": 0.8809207021941983
  },
  "B3 Weights+Aug": {
    "accuracy": 0.8158212560386473,
    "macro_f1": 0.13358186827442212,
    "weighted_f1": 0.8664831206150219
  }
}