{
  "B1 Baseline": {
    "accuracy": 0.9504830917874396,
    "macro_f1": 0.2760661431795759,
    "weighted_f1": 0.938620018219999
  },
  "B2 Class Weights": {
    "accuracy": 0.9365942028985508,
    "macro_f1": 0.3535178634906866,
    "weighted_f1": 0.9409490874478537
  },
  "B3 Weights+Aug": {
    "accuracy": 0.9438405797101449,
    "macro_f1": 0.3758205642396819,
    "weighted_f1": 0.9454515273728828
  }
}