{
  "B1 Baseline": {
    "accuracy": 0.8083961248654468,
    "macro_f1": 0.4375731019517432,
    "weighted_f1": 0.7980103967887483
  },
  "B2 Class Weights": {
    "accuracy": 0.8256189451022605,
    "macro_f1": 0.4476649292333219,
    "weighted_f1": 0.8145930692926473
  },
  "B3 Weights+Aug": {
    "accuracy": 0.759956942949408,
    "macro_f1": 0.43199169416014194,
    "weighted_f1": 0.76199651484835
  }
}