{
  "B1 Baseline": {
    "accuracy": 0.6953713670613563,
    "macro_f1": 0.42236082036229267,
    "weighted_f1": 0.7217614744937153
  },
  "B2 Class Weights": {
    "accuracy": 0.7567276641550054,
    "macro_f1": 0.4594887786081762,
    "weighted_f1": 0.7830459147040282
  },
  "B3 Weights+Aug": {
    "accuracy": 0.7018299246501615,
    "macro_f1": 0.4214431552984319,
    "weighted_f1": 0.7394133032228011
  }
}