{
  "B1 Baseline": {
    "accuracy": 0.7879440258342304,
    "macro_f1": 0.44532791546933187,
    "weighted_f1": 0.7884754259481457
  },
  "B2 Class Weights": {
    "accuracy": 0.7825618945102261,
    "macro_f1": 0.41639176288079993,
    "weighted_f1": 0.7785445431369438
  },
  "B3 Weights+Aug": {
    "accuracy": 0.790096878363832,
    "macro_f1": 0.3816116683030476,
    "weighted_f1": 0.7611439253696225
  }
}