{
  "B1 Baseline": {
    "accuracy": 0.8213132400430571,
    "macro_f1": 0.4816700384127962,
    "weighted_f1": 0.822059766731279,
    "best_cnn_weight": 0.4
  }
}