{
  "B1 Baseline": {
    "accuracy": 0.8213132400430571,
    "macro_f1": 0.4816700384127962,
    "weighted_f1": 0.822059766731279,
    "best_cnn_weight": 0.4
  },
  "B2 Class Weights": {
    "accuracy": 0.8245425188374597,
    "macro_f1": 0.5025959327392929,
    "weighted_f1": 0.8297009103676342,
    "best_cnn_weight": 0.35000000000000003
  },
  "B3 Weights+Aug": {
    "accuracy": 0.7976318622174381,
    "macro_f1": 0.4630880230880231,
    "weighted_f1": 0.7998180171700086,
    "best_cnn_weight": 0.25
  }
}