{
  "B1 Baseline": {
    "accuracy": 0.917953667953668,
    "macro_f1": 0.13743767613266855,
    "weighted_f1": 0.9109889208523503
  },
  "B2 Class Weights": {
    "accuracy": 0.9054054054054054,
    "macro_f1": 0.1365953109072375,
    "weighted_f1": 0.9054054054054054
  },
  "B3 Weights+Aug": {
    "accuracy": 0.8928571428571429,
    "macro_f1": 0.13608945122848315,
    "weighted_f1": 0.9020523760482565
  }
}