{
  "B1 Baseline": {
    "accuracy": 0.9092664092664092,
    "macro_f1": 0.15795011076589646,
    "weighted_f1": 0.9054800896656002
  },
  "B2 Class Weights": {
    "accuracy": 0.916988416988417,
    "macro_f1": 0.14790471348681825,
    "weighted_f1": 0.9134213558463685
  },
  "B3 Weights+Aug": {
    "accuracy": 0.8832046332046332,
    "macro_f1": 0.1565328763084181,
    "weighted_f1": 0.8919141180654339
  }
}