{
  "B1 Baseline": {
    "accuracy": 0.9140926640926641,
    "macro_f1": 0.13713706465860545,
    "weighted_f1": 0.908996354257378
  },
  "B2 Class Weights": {
    "accuracy": 0.8494208494208494,
    "macro_f1": 0.13548605054957144,
    "weighted_f1": 0.885125102003505
  },
  "B3 Weights+Aug": {
    "accuracy": 0.8571428571428571,
    "macro_f1": 0.1350176876767075,
    "weighted_f1": 0.8763843031309142
  }
}