{
  "B1 Baseline": {
    "accuracy": 0.9305019305019305,
    "macro_f1": 0.17069317913375717,
    "weighted_f1": 0.9171884208191636
  },
  "B2 Class Weights": {
    "accuracy": 0.9411196911196911,
    "macro_f1": 0.1512874871375262,
    "weighted_f1": 0.9212899532477767
  },
  "B3 Weights+Aug": {
    "accuracy": 0.9333976833976834,
    "macro_f1": 0.1747022652823275,
    "weighted_f1": 0.9191553782073117
  }
}