{
  "B1 Baseline": {
    "accuracy": 0.9498792270531401,
    "macro_f1": 0.14582730635512037,
    "weighted_f1": 0.935340165572285
  },
  "B2 Class Weights": {
    "accuracy": 0.9317632850241546,
    "macro_f1": 0.17723885165745631,
    "weighted_f1": 0.9298450716549806
  },
  "B3 Weights+Aug": {
    "accuracy": 0.9365942028985508,
    "macro_f1": 0.1629344844642295,
    "weighted_f1": 0.9360988703528836
  }
}