{
  "CNN_B1": {
    "accuracy": 0.8011869436201781,
    "macro_f1": 0.7983777364586448,
    "micro_f1": 0.8011869436201781,
    "weighted_f1": 0.7978982951358317
  },
  "FCNN_B1": {
    "accuracy": 0.6795252225519288,
    "macro_f1": 0.6656563019817046,
    "micro_f1": 0.6795252225519288,
    "weighted_f1": 0.6628844667017575
  },
  "Intermediate_B1": {
    "accuracy": 0.6735905044510386,
    "macro_f1": 0.6709578925896377,
    "micro_f1": 0.6735905044510386,
    "weighted_f1": 0.6681214350126938
  },
  "CNN_TL_B1": {
    "accuracy": 0.8308605341246291,
    "macro_f1": 0.833286728014765,
    "micro_f1": 0.8308605341246291,
    "weighted_f1": 0.8329373649315017
  },
  "Intermediate_TL_B1": {
    "accuracy": 0.8427299703264095,
    "macro_f1": 0.8431457335602304,
    "micro_f1": 0.8427299703264095,
    "weighted_f1": 0.8426280506065563
  },
  "Late_Fusion_B1": {
    "macro_f1": 0.7757267490584727,
    "micro_f1": 0.7774480712166172,
    "weighted_f1": 0.7753243744097686,
    "accuracy": 0.7774480712166172,
    "best_cnn_weight": 0.35000000000000003
  },
  "Late_Fusion_TL_B1": {
    "macro_f1": 0.8358226254836852,
    "micro_f1": 0.8338278931750742,
    "weighted_f1": 0.8356356066671924,
    "accuracy": 0.8338278931750742,
    "best_cnn_tl_weight": 0.8500000000000001
  }
}