{
  "CNN_B1": {
    "accuracy": 0.8724035608308606,
    "macro_f1": 0.8407436570170204,
    "micro_f1": 0.8724035608308606,
    "weighted_f1": 0.8722778525208637
  },
  "FCNN_B1": {
    "accuracy": 0.7922848664688428,
    "macro_f1": 0.678426745668125,
    "micro_f1": 0.7922848664688428,
    "weighted_f1": 0.7658212247181857
  },
  "Intermediate_B1": {
    "accuracy": 0.8308605341246291,
    "macro_f1": 0.7758994465706315,
    "micro_f1": 0.8308605341246291,
    "weighted_f1": 0.8280154386205245
  },
  "CNN_TL_B1": {
    "accuracy": 0.9287833827893175,
    "macro_f1": 0.9178697189335487,
    "micro_f1": 0.9287833827893175,
    "weighted_f1": 0.9275817685692047
  },
  "Intermediate_TL_B1": {
    "accuracy": 0.9287833827893175,
    "macro_f1": 0.9231529640332933,
    "micro_f1": 0.9287833827893175,
    "weighted_f1": 0.929208457527319
  },
  "Late_Fusion_B1": {
    "macro_f1": 0.8589232568027211,
    "micro_f1": 0.8902077151335311,
    "weighted_f1": 0.8881206599850622,
    "accuracy": 0.8902077151335311,
    "best_cnn_weight": 0.30000000000000004
  },
  "Late_Fusion_TL_B1": {
    "macro_f1": 0.9195363507298409,
    "micro_f1": 0.9317507418397626,
    "weighted_f1": 0.9300979831187334,
    "accuracy": 0.9317507418397626,
    "best_cnn_tl_weight": 0.5
  }
}