{
  "B1 Baseline": {
    "accuracy": 0.8417874396135265,
    "macro_f1": 0.13291801842825987,
    "weighted_f1": 0.8813995275990508
  },
  "B2 Class Weights": {
    "accuracy": 0.8278985507246377,
    "macro_f1": 0.13352898109429331,
    "weighted_f1": 0.8720099115847972
  },
  "B3 Weights+Aug": {
    "accuracy": 0.6485507246376812,
    "macro_f1": 0.1194259890911494,
    "weighted_f1": 0.7658838320938454
  }
}