{
  "CNN_B1": {
    "accuracy": 0.8300970873786407,
    "macro_f1": 0.808426657394529,
    "micro_f1": 0.8300970873786407,
    "weighted_f1": 0.8304519285164372
  },
  "FCNN_B1": {
    "accuracy": 0.7281553398058253,
    "macro_f1": 0.6939792308831694,
    "micro_f1": 0.7281553398058253,
    "weighted_f1": 0.7286707745220152
  },
  "Intermediate_B1": {
    "accuracy": 0.8183079056865464,
    "macro_f1": 0.792364393461717,
    "micro_f1": 0.8183079056865464,
    "weighted_f1": 0.8177773221425689
  },
  "CNN_TL_B1": {
    "accuracy": 0.8446601941747572,
    "macro_f1": 0.8268868690019521,
    "micro_f1": 0.8446601941747572,
    "weighted_f1": 0.8456078572171287
  },
  "Intermediate_TL_B1": {
    "accuracy": 0.8533287101248266,
    "macro_f1": 0.8356243591150301,
    "micro_f1": 0.8533287101248266,
    "weighted_f1": 0.8545910953410636
  },
  "Late_Fusion_B1": {
    "macro_f1": 0.8194085051956872,
    "micro_f1": 0.8415395284327323,
    "weighted_f1": 0.8414802305190435,
    "accuracy": 0.8415395284327323,
    "best_cnn_weight": 0.55
  }
}