{
  "CNN_B1": {
    "accuracy": 0.8151872399445215,
    "macro_f1": 0.7293531766821321,
    "micro_f1": 0.8151872399445215,
    "weighted_f1": 0.8127674948377548
  },
  "FCNN_B1": {
    "accuracy": 0.7135922330097088,
    "macro_f1": 0.5780969389153228,
    "micro_f1": 0.7135922330097088,
    "weighted_f1": 0.703079326419625
  },
  "Intermediate_B1": {
    "accuracy": 0.7853675450762829,
    "macro_f1": 0.6957819465188982,
    "micro_f1": 0.7853675450762829,
    "weighted_f1": 0.7827055478356825
  },
  "CNN_TL_B1": {
    "accuracy": 0.8304438280166435,
    "macro_f1": 0.7407051474938333,
    "micro_f1": 0.8304438280166435,
    "weighted_f1": 0.8264769197462083
  },
  "Intermediate_TL_B1": {
    "accuracy": 0.8328710124826629,
    "macro_f1": 0.744023701520071,
    "micro_f1": 0.8328710124826629,
    "weighted_f1": 0.8321953242315694
  },
  "Late_Fusion_B1": {
    "macro_f1": 0.719091477432796,
    "micro_f1": 0.8092926490984743,
    "weighted_f1": 0.8046341409963714,
    "accuracy": 0.8092926490984743,
    "best_cnn_weight": 0.55
  }
}