{
  "B1 Baseline": {
    "accuracy": 0.7470398277717977,
    "macro_f1": 0.4555495792994215,
    "weighted_f1": 0.759742567331984
  },
  "B2 Class Weights": {
    "accuracy": 0.7416576964477933,
    "macro_f1": 0.4472758261162778,
    "weighted_f1": 0.7483145138551421
  },
  "B3 Weights+Aug": {
    "accuracy": 0.798708288482239,
    "macro_f1": 0.5070456442386537,
    "weighted_f1": 0.8070763175865356
  }
}