{
  "B1 Baseline": {
    "accuracy": 0.7997847147470398,
    "macro_f1": 0.4893173416958678,
    "weighted_f1": 0.8098778587459541
  },
  "B2 Class Weights": {
    "accuracy": 0.8245425188374597,
    "macro_f1": 0.5081650276230428,
    "weighted_f1": 0.8294423545395205
  },
  "B3 Weights+Aug": {
    "accuracy": 0.8223896663078579,
    "macro_f1": 0.5211007790263273,
    "weighted_f1": 0.8282052212746774
  }
}