{
  "B1 Baseline": {
    "accuracy": 0.8019375672766416,
    "macro_f1": 0.5132590998630426,
    "weighted_f1": 0.8122284065999904,
    "best_cnn_weight": 0.6000000000000001
  }
}