{
  "B1 Baseline": {
    "accuracy": 0.9237451737451737,
    "macro_f1": 0.2742888486039577,
    "weighted_f1": 0.9136099595679597
  },
  "B2 Class Weights": {
    "accuracy": 0.9247104247104247,
    "macro_f1": 0.24253164556962026,
    "weighted_f1": 0.9186237231806853
  },
  "B3 Weights+Aug": {
    "accuracy": 0.9237451737451737,
    "macro_f1": 0.25643104534005035,
    "weighted_f1": 0.9138372798401135
  }
}