{
  "B1 Baseline": {
    "accuracy": 0.9420849420849421,
    "macro_f1": 0.4119214894354559,
    "weighted_f1": 0.9372500344168341
  },
  "B2 Class Weights": {
    "accuracy": 0.9343629343629344,
    "macro_f1": 0.2896845337800112,
    "weighted_f1": 0.9212032384142936
  },
  "B3 Weights+Aug": {
    "accuracy": 0.9401544401544402,
    "macro_f1": 0.24252988047808766,
    "weighted_f1": 0.9186170376409422
  }
}