{
  "B1 Baseline": {
    "accuracy": 0.9034749034749034,
    "macro_f1": 0.3093237910653641,
    "weighted_f1": 0.9042671275817342
  },
  "B2 Class Weights": {
    "accuracy": 0.9227799227799228,
    "macro_f1": 0.27635267731987667,
    "weighted_f1": 0.9174487174907696
  },
  "B3 Weights+Aug": {
    "accuracy": 0.9218146718146718,
    "macro_f1": 0.37174814385260097,
    "weighted_f1": 0.9219258693461044
  }
}