{
  "B1 Baseline": {
    "accuracy": 0.9492753623188406,
    "macro_f1": 0.3093254586169566,
    "weighted_f1": 0.9399454099330881
  },
  "B2 Class Weights": {
    "accuracy": 0.9154589371980676,
    "macro_f1": 0.4071106613391958,
    "weighted_f1": 0.9321709111924398
  },
  "B3 Weights+Aug": {
    "accuracy": 0.9305555555555556,
    "macro_f1": 0.28738242584947055,
    "weighted_f1": 0.9313317395994316
  }
}