{
  "B1 Baseline": {
    "accuracy": 0.8928571428571429,
    "macro_f1": 0.23791152263374485,
    "weighted_f1": 0.9011243386243386
  },
  "B2 Class Weights": {
    "accuracy": 0.9005791505791506,
    "macro_f1": 0.23959938366718028,
    "weighted_f1": 0.9075173566698991
  },
  "B3 Weights+Aug": {
    "accuracy": 0.9015444015444015,
    "macro_f1": 0.26467896082918296,
    "weighted_f1": 0.9057815791292707
  }
}