{
  "B1 Baseline": {
    "accuracy": 0.8967181467181468,
    "macro_f1": 0.30715217572492975,
    "weighted_f1": 0.9005653309093933
  },
  "B2 Class Weights": {
    "accuracy": 0.8416988416988417,
    "macro_f1": 0.24482253134551807,
    "weighted_f1": 0.8721679207924607
  },
  "B3 Weights+Aug": {
    "accuracy": 0.8938223938223938,
    "macro_f1": 0.36140017560054327,
    "weighted_f1": 0.9087469598302056
  }
}