{
  "B1 Baseline": {
    "accuracy": 0.943050193050193,
    "macro_f1": 0.24267262791852956,
    "weighted_f1": 0.9191577142396814
  },
  "B2 Class Weights": {
    "accuracy": 0.8745173745173745,
    "macro_f1": 0.26889893461075476,
    "weighted_f1": 0.8922624407078862
  },
  "B3 Weights+Aug": {
    "accuracy": 0.9073359073359073,
    "macro_f1": 0.23845763571790968,
    "weighted_f1": 0.9031928210010401
  }
}