{
  "B1 Baseline": {
    "accuracy": 0.8967181467181468,
    "macro_f1": 0.30715217572492975,
    "weighted_f1": 0.9005653309093933
  },
  "B2 Class Weights": {
    "accuracy": 0.918918918918919,
    "macro_f1": 0.2760638250430346,
    "weighted_f1": 0.9140866290680328
  },
  "B3 Weights+Aug": {
    "accuracy": 0.9227799227799228,
    "macro_f1": 0.3934799235759676,
    "weighted_f1": 0.9237199314224944
  }
}