{
  "ckplus_7c": {
    "CNN_B1": {
      "accuracy": 0.7190527448869752,
      "macro_f1": 0.12656616653630096,
      "micro_f1": 0.7190527448869752,
      "weighted_f1": 0.6349142529232019
    },
    "FCNN_B1": {
      "accuracy": 0.7728740581270183,
      "macro_f1": 0.19431124673060157,
      "micro_f1": 0.7728740581270183,
      "weighted_f1": 0.739198198511022
    },
    "Intermediate_B1": {
      "accuracy": 0.5360602798708288,
      "macro_f1": 0.15264013480986358,
      "micro_f1": 0.5360602798708288,
      "weighted_f1": 0.592597473099687
    },
    "CNN_TL_B1": {
      "accuracy": 0.6695371367061357,
      "macro_f1": 0.16341519456805836,
      "micro_f1": 0.6695371367061357,
      "weighted_f1": 0.700781757926419
    },
    "Intermediate_TL_B1": {
      "accuracy": 0.15177610333692143,
      "macro_f1": 0.1029111726794064,
      "micro_f1": 0.15177610333692143,
      "weighted_f1": 0.2375751495487287
    },
    "Late_Fusion_B1": {
      "macro_f1": 0.16011448447977436,
      "micro_f1": 0.5285252960172229,
      "weighted_f1": 0.5801156611502867,
      "accuracy": 0.5285252960172229,
      "best_cnn_weight": 0.0
    }
  },
  "ckplus_4c": {
    "CNN_B1": {
      "accuracy": 0.6415500538213132,
      "macro_f1": 0.3957850995440208,
      "micro_f1": 0.6415500538213132,
      "weighted_f1": 0.7031365860667493
    },
    "FCNN_B1": {
      "accuracy": 0.10226049515608181,
      "macro_f1": 0.0718405951465613,
      "micro_f1": 0.10226049515608181,
      "weighted_f1": 0.0925697683871784
    },
    "Intermediate_B1": {
      "accuracy": 0.465016146393972,
      "macro_f1": 0.18629329147961363,
      "micro_f1": 0.465016146393972,
      "weighted_f1": 0.5318073209532781
    },
    "CNN_TL_B1": {
      "accuracy": 0.38643702906350913,
      "macro_f1": 0.2578931454940464,
      "micro_f1": 0.38643702906350913,
      "weighted_f1": 0.527430925725167
    },
    "Intermediate_TL_B1": {
      "accuracy": 0.271259418729817,
      "macro_f1": 0.20159120247213186,
      "micro_f1": 0.271259418729817,
      "weighted_f1": 0.38106002317182425
    },
    "Late_Fusion_B1": {
      "macro_f1": 0.2448243024876391,
      "micro_f1": 0.48869752421959095,
      "weighted_f1": 0.5559911678170274,
      "accuracy": 0.48869752421959095,
      "best_cnn_weight": 0.65
    }
  },
  "jaffe_7c": {
    "CNN_B1": {
      "accuracy": 0.002152852529601722,
      "macro_f1": 0.0006321112515802781,
      "micro_f1": 0.002152852529601722,
      "weighted_f1": 9.525896148680187e-06
    },
    "FCNN_B1": {
      "accuracy": 0.012917115177610334,
      "macro_f1": 0.022588692818268055,
      "micro_f1": 0.012917115177610334,
      "weighted_f1": 0.01819617995076177
    },
    "Intermediate_B1": {
      "accuracy": 0.013993541442411194,
      "macro_f1": 0.01676835682726699,
      "micro_f1": 0.013993541442411194,
      "weighted_f1": 0.020353968271582826
    },
    "CNN_TL_B1": {
      "accuracy": 0.05382131324004306,
      "macro_f1": 0.014607069821793748,
      "micro_f1": 0.05382131324004306,
      "weighted_f1": 0.005503201762785589
    },
    "Intermediate_TL_B1": {
      "accuracy": 0.02798708288482239,
      "macro_f1": 0.02271291380058443,
      "micro_f1": 0.02798708288482239,
      "weighted_f1": 0.04509884036159122
    },
    "Late_Fusion_B1": {
      "macro_f1": 0.04009273346373977,
      "micro_f1": 0.08073196986006459,
      "weighted_f1": 0.05377361764462523,
      "accuracy": 0.08073196986006459,
      "best_cnn_weight": 0.35000000000000003
    }
  },
  "jaffe_4c": {
    "CNN_B1": {
      "accuracy": 0.008611410118406888,
      "macro_f1": 0.004273504273504274,
      "micro_f1": 0.008611410118406888,
      "weighted_f1": 0.00014720359176763914
    },
    "FCNN_B1": {
      "accuracy": 0.008611410118406888,
      "macro_f1": 0.004268943436499467,
      "micro_f1": 0.008611410118406888,
      "weighted_f1": 0.00014704649081591275
    },
    "Intermediate_B1": {
      "accuracy": 0.00968783638320775,
      "macro_f1": 0.0050097887974028706,
      "micro_f1": 0.00968783638320775,
      "weighted_f1": 0.002288085210540405
    },
    "CNN_TL_B1": {
      "accuracy": 0.008611410118406888,
      "macro_f1": 0.004314994606256742,
      "micro_f1": 0.008611410118406888,
      "weighted_f1": 0.00014863275285276182
    },
    "Intermediate_TL_B1": {
      "accuracy": 0.1603875134553283,
      "macro_f1": 0.09285087850825353,
      "micro_f1": 0.1603875134553283,
      "weighted_f1": 0.07345300746097562
    },
    "Late_Fusion_B1": {
      "macro_f1": 0.007009236797910058,
      "micro_f1": 0.00968783638320775,
      "weighted_f1": 0.0022889876109543593,
      "accuracy": 0.00968783638320775,
      "best_cnn_weight": 0.9
    }
  },
  "rafdb_7c": {
    "CNN_B1": {
      "accuracy": 0.09903121636167922,
      "macro_f1": 0.0757069088894898,
      "micro_f1": 0.09903121636167922,
      "weighted_f1": 0.13166841427409992
    },
    "FCNN_B1": {
      "accuracy": 0.6404736275565124,
      "macro_f1": 0.18266690322117204,
      "micro_f1": 0.6404736275565124,
      "weighted_f1": 0.6719574925852404
    },
    "Intermediate_B1": {
      "accuracy": 0.23681377825618946,
      "macro_f1": 0.10881743128402944,
      "micro_f1": 0.23681377825618946,
      "weighted_f1": 0.287154553892053
    },
    "CNN_TL_B1": {
      "accuracy": 0.5446716899892358,
      "macro_f1": 0.17476300100836903,
      "micro_f1": 0.5446716899892358,
      "weighted_f1": 0.61076105861392
    },
    "Intermediate_TL_B1": {
      "accuracy": 0.4790096878363832,
      "macro_f1": 0.1799203819553969,
      "micro_f1": 0.4790096878363832,
      "weighted_f1": 0.562320244389615
    },
    "Late_Fusion_B1": {
      "macro_f1": 0.09105147245260141,
      "micro_f1": 0.16576964477933262,
      "weighted_f1": 0.21228671892077067,
      "accuracy": 0.16576964477933262,
      "best_cnn_weight": 0.5
    }
  },
  "rafdb_4c": {
    "CNN_B1": {
      "accuracy": 0.02583423035522067,
      "macro_f1": 0.05582763347596459,
      "micro_f1": 0.02583423035522067,
      "weighted_f1": 0.025663241245568454
    },
    "FCNN_B1": {
      "accuracy": 0.4865446716899892,
      "macro_f1": 0.26413113637170577,
      "micro_f1": 0.4865446716899892,
      "weighted_f1": 0.5530186570651688
    },
    "Intermediate_B1": {
      "accuracy": 0.5511302475780409,
      "macro_f1": 0.26909586507616223,
      "micro_f1": 0.5511302475780409,
      "weighted_f1": 0.5937616535500956
    },
    "CNN_TL_B1": {
      "accuracy": 0.25618945102260493,
      "macro_f1": 0.20558880375408287,
      "micro_f1": 0.25618945102260493,
      "weighted_f1": 0.35723918881311434
    },
    "Intermediate_TL_B1": {
      "accuracy": 0.30570505920344454,
      "macro_f1": 0.17926262754081326,
      "micro_f1": 0.30570505920344454,
      "weighted_f1": 0.3633407009811087
    },
    "Late_Fusion_B1": {
      "macro_f1": 0.16973522848490583,
      "micro_f1": 0.13670613562970937,
      "weighted_f1": 0.1465813910712051,
      "accuracy": 0.13670613562970937,
      "best_cnn_weight": 0.6000000000000001
    }
  },
  "kdef_7c": {
    "CNN_B1": {
      "accuracy": 0.03982777179763186,
      "macro_f1": 0.024101428342774005,
      "micro_f1": 0.03982777179763186,
      "weighted_f1": 0.023686673896435483
    },
    "FCNN_B1": {
      "accuracy": 0.007534983853606028,
      "macro_f1": 0.006977528615499765,
      "micro_f1": 0.007534983853606028,
      "weighted_f1": 0.008359069666278916
    },
    "Intermediate_B1": {
      "accuracy": 0.02045209903121636,
      "macro_f1": 0.03573988430695063,
      "micro_f1": 0.02045209903121636,
      "weighted_f1": 0.026318250712687483
    },
    "CNN_TL_B1": {
      "accuracy": 0.0527448869752422,
      "macro_f1": 0.03837339194853808,
      "micro_f1": 0.0527448869752422,
      "weighted_f1": 0.03604225050307937
    },
    "Intermediate_TL_B1": {
      "accuracy": 0.05597416576964478,
      "macro_f1": 0.033953782111789434,
      "micro_f1": 0.05597416576964478,
      "weighted_f1": 0.023177063652216022
    },