{
  "CNN_B1": {
    "accuracy": 0.02583423035522067,
    "macro_f1": 0.05582763347596459,
    "micro_f1": 0.02583423035522067,
    "weighted_f1": 0.025663241245568454
  },
  "FCNN_B1": {
    "accuracy": 0.4865446716899892,
    "macro_f1": 0.26413113637170577,
    "micro_f1": 0.4865446716899892,
    "weighted_f1": 0.5530186570651688
  },
  "Intermediate_B1": {
    "accuracy": 0.5511302475780409,
    "macro_f1": 0.26909586507616223,
    "micro_f1": 0.5511302475780409,
    "weighted_f1": 0.5937616535500956
  },
  "CNN_TL_B1": {
    "accuracy": 0.25618945102260493,
    "macro_f1": 0.20558880375408287,
    "micro_f1": 0.25618945102260493,
    "weighted_f1": 0.35723918881311434
  },
  "Intermediate_TL_B1": {
    "accuracy": 0.30570505920344454,
    "macro_f1": 0.17926262754081326,
    "micro_f1": 0.30570505920344454,
    "weighted_f1": 0.3633407009811087
  },
  "Late_Fusion_B1": {
    "macro_f1": 0.16973522848490583,
    "micro_f1": 0.13670613562970937,
    "weighted_f1": 0.1465813910712051,
    "accuracy": 0.13670613562970937,
    "best_cnn_weight": 0.6000000000000001
  }
}