{
  "CNN_B1": {
    "accuracy": 0.06673842841765339,
    "macro_f1": 0.0785674433395528,
    "micro_f1": 0.06673842841765339,
    "weighted_f1": 0.07826742069035907
  },
  "FCNN_B1": {
    "accuracy": 0.008611410118406888,
    "macro_f1": 0.004268943436499467,
    "micro_f1": 0.008611410118406888,
    "weighted_f1": 0.00014704649081591275
  },
  "Intermediate_B1": {
    "accuracy": 0.02045209903121636,
    "macro_f1": 0.03690800616798896,
    "micro_f1": 0.02045209903121636,
    "weighted_f1": 0.020866303156288117
  },
  "CNN_TL_B1": {
    "accuracy": 0.04520990312163617,
    "macro_f1": 0.06822360096547471,
    "micro_f1": 0.04520990312163617,
    "weighted_f1": 0.02258262229991662
  },
  "Intermediate_TL_B1": {
    "accuracy": 0.05382131324004306,
    "macro_f1": 0.07617490841364646,
    "micro_f1": 0.05382131324004306,
    "weighted_f1": 0.030457583852261348
  },
  "Late_Fusion_B1": {
    "macro_f1": 0.004268943436499467,
    "micro_f1": 0.008611410118406888,
    "weighted_f1": 0.00014704649081591275,
    "accuracy": 0.008611410118406888,
    "best_cnn_weight": 0.2
  }
}