{
  "CNN_B1": {
    "accuracy": 0.008611410118406888,
    "macro_f1": 0.004273504273504274,
    "micro_f1": 0.008611410118406888,
    "weighted_f1": 0.00014720359176763914
  },
  "FCNN_B1": {
    "accuracy": 0.008611410118406888,
    "macro_f1": 0.004268943436499467,
    "micro_f1": 0.008611410118406888,
    "weighted_f1": 0.00014704649081591275
  },
  "Intermediate_B1": {
    "accuracy": 0.00968783638320775,
    "macro_f1": 0.0050097887974028706,
    "micro_f1": 0.00968783638320775,
    "weighted_f1": 0.002288085210540405
  },
  "CNN_TL_B1": {
    "accuracy": 0.008611410118406888,
    "macro_f1": 0.004314994606256742,
    "micro_f1": 0.008611410118406888,
    "weighted_f1": 0.00014863275285276182
  },
  "Intermediate_TL_B1": {
    "accuracy": 0.1603875134553283,
    "macro_f1": 0.09285087850825353,
    "micro_f1": 0.1603875134553283,
    "weighted_f1": 0.07345300746097562
  },
  "Late_Fusion_B1": {
    "macro_f1": 0.007009236797910058,
    "micro_f1": 0.00968783638320775,
    "weighted_f1": 0.0022889876109543593,
    "accuracy": 0.00968783638320775,
    "best_cnn_weight": 0.9
  }
}