{
  "CNN_B1": {
    "accuracy": 0.09903121636167922,
    "macro_f1": 0.0757069088894898,
    "micro_f1": 0.09903121636167922,
    "weighted_f1": 0.13166841427409992
  },
  "FCNN_B1": {
    "accuracy": 0.6404736275565124,
    "macro_f1": 0.18266690322117204,
    "micro_f1": 0.6404736275565124,
    "weighted_f1": 0.6719574925852404
  },
  "Intermediate_B1": {
    "accuracy": 0.23681377825618946,
    "macro_f1": 0.10881743128402944,
    "micro_f1": 0.23681377825618946,
    "weighted_f1": 0.287154553892053
  },
  "CNN_TL_B1": {
    "accuracy": 0.5446716899892358,
    "macro_f1": 0.17476300100836903,
    "micro_f1": 0.5446716899892358,
    "weighted_f1": 0.61076105861392
  },
  "Intermediate_TL_B1": {
    "accuracy": 0.4790096878363832,
    "macro_f1": 0.1799203819553969,
    "micro_f1": 0.4790096878363832,
    "weighted_f1": 0.562320244389615
  },
  "Late_Fusion_B1": {
    "macro_f1": 0.09105147245260141,
    "micro_f1": 0.16576964477933262,
    "weighted_f1": 0.21228671892077067,
    "accuracy": 0.16576964477933262,
    "best_cnn_weight": 0.5
  }
}