{
  "CNN_B1": {
    "accuracy": 0.002152852529601722,
    "macro_f1": 0.0006321112515802781,
    "micro_f1": 0.002152852529601722,
    "weighted_f1": 9.525896148680187e-06
  },
  "FCNN_B1": {
    "accuracy": 0.012917115177610334,
    "macro_f1": 0.022588692818268055,
    "micro_f1": 0.012917115177610334,
    "weighted_f1": 0.01819617995076177
  },
  "Intermediate_B1": {
    "accuracy": 0.013993541442411194,
    "macro_f1": 0.01676835682726699,
    "micro_f1": 0.013993541442411194,
    "weighted_f1": 0.020353968271582826
  },
  "CNN_TL_B1": {
    "accuracy": 0.05382131324004306,
    "macro_f1": 0.014607069821793748,
    "micro_f1": 0.05382131324004306,
    "weighted_f1": 0.005503201762785589
  },
  "Intermediate_TL_B1": {
    "accuracy": 0.02798708288482239,
    "macro_f1": 0.02271291380058443,
    "micro_f1": 0.02798708288482239,
    "weighted_f1": 0.04509884036159122
  },
  "Late_Fusion_B1": {
    "macro_f1": 0.04009273346373977,
    "micro_f1": 0.08073196986006459,
    "weighted_f1": 0.05377361764462523,
    "accuracy": 0.08073196986006459,
    "best_cnn_weight": 0.35000000000000003
  }
}