{
  "CNN_B1": {
    "accuracy": 0.6415500538213132,
    "macro_f1": 0.3957850995440208,
    "micro_f1": 0.6415500538213132,
    "weighted_f1": 0.7031365860667493
  },
  "FCNN_B1": {
    "accuracy": 0.10226049515608181,
    "macro_f1": 0.0718405951465613,
    "micro_f1": 0.10226049515608181,
    "weighted_f1": 0.0925697683871784
  },
  "Intermediate_B1": {
    "accuracy": 0.465016146393972,
    "macro_f1": 0.18629329147961363,
    "micro_f1": 0.465016146393972,
    "weighted_f1": 0.5318073209532781
  },
  "CNN_TL_B1": {
    "accuracy": 0.38643702906350913,
    "macro_f1": 0.2578931454940464,
    "micro_f1": 0.38643702906350913,
    "weighted_f1": 0.527430925725167
  },
  "Intermediate_TL_B1": {
    "accuracy": 0.271259418729817,
    "macro_f1": 0.20159120247213186,
    "micro_f1": 0.271259418729817,
    "weighted_f1": 0.38106002317182425
  },
  "Late_Fusion_B1": {
    "macro_f1": 0.2448243024876391,
    "micro_f1": 0.48869752421959095,
    "weighted_f1": 0.5559911678170274,
    "accuracy": 0.48869752421959095,
    "best_cnn_weight": 0.65
  }
}