{
  "CNN_B1": {
    "accuracy": 0.7190527448869752,
    "macro_f1": 0.12656616653630096,
    "micro_f1": 0.7190527448869752,
    "weighted_f1": 0.6349142529232019
  },
  "FCNN_B1": {
    "accuracy": 0.7728740581270183,
    "macro_f1": 0.19431124673060157,
    "micro_f1": 0.7728740581270183,
    "weighted_f1": 0.739198198511022
  },
  "Intermediate_B1": {
    "accuracy": 0.5360602798708288,
    "macro_f1": 0.15264013480986358,
    "micro_f1": 0.5360602798708288,
    "weighted_f1": 0.592597473099687
  },
  "CNN_TL_B1": {
    "accuracy": 0.6695371367061357,
    "macro_f1": 0.16341519456805836,
    "micro_f1": 0.6695371367061357,
    "weighted_f1": 0.700781757926419
  },
  "Intermediate_TL_B1": {
    "accuracy": 0.15177610333692143,
    "macro_f1": 0.1029111726794064,
    "micro_f1": 0.15177610333692143,
    "weighted_f1": 0.2375751495487287
  },
  "Late_Fusion_B1": {
    "macro_f1": 0.16011448447977436,
    "micro_f1": 0.5285252960172229,
    "weighted_f1": 0.5801156611502867,
    "accuracy": 0.5285252960172229,
    "best_cnn_weight": 0.0
  }
}