{
  "CNN_B1": {
    "accuracy": 0.03982777179763186,
    "macro_f1": 0.024101428342774005,
    "micro_f1": 0.03982777179763186,
    "weighted_f1": 0.023686673896435483
  },
  "FCNN_B1": {
    "accuracy": 0.007534983853606028,
    "macro_f1": 0.006977528615499765,
    "micro_f1": 0.007534983853606028,
    "weighted_f1": 0.008359069666278916
  },
  "Intermediate_B1": {
    "accuracy": 0.02045209903121636,
    "macro_f1": 0.03573988430695063,
    "micro_f1": 0.02045209903121636,
    "weighted_f1": 0.026318250712687483
  },
  "CNN_TL_B1": {
    "accuracy": 0.0527448869752422,
    "macro_f1": 0.03837339194853808,
    "micro_f1": 0.0527448869752422,
    "weighted_f1": 0.03604225050307937
  },
  "Intermediate_TL_B1": {
    "accuracy": 0.05597416576964478,
    "macro_f1": 0.033953782111789434,
    "micro_f1": 0.05597416576964478,
    "weighted_f1": 0.023177063652216022
  },
  "Late_Fusion_B1": {
    "macro_f1": 0.0151153836599846,
    "micro_f1": 0.007534983853606028,
    "weighted_f1": 0.005338426658236439,
    "accuracy": 0.007534983853606028,
    "best_cnn_weight": 0.45
  }
}