{
  "CNN_B1": {
    "accuracy": 0.8030139935414424,
    "macro_f1": 0.4755358460922411,
    "micro_f1": 0.8030139935414424,
    "weighted_f1": 0.8017417970064832
  },
  "FCNN_B1": {
    "accuracy": 0.7631862217438106,
    "macro_f1": 0.45941344158145186,
    "micro_f1": 0.7631862217438106,
    "weighted_f1": 0.7737578349326425
  },
  "Intermediate_B1": {
    "accuracy": 0.7265877287405813,
    "macro_f1": 0.4438268220276761,
    "micro_f1": 0.7265877287405813,
    "weighted_f1": 0.752991614247508
  },
  "CNN_TL_B1": {
    "accuracy": 0.721205597416577,
    "macro_f1": 0.37806660589502994,
    "micro_f1": 0.721205597416577,
    "weighted_f1": 0.6821440193970603
  },
  "Intermediate_TL_B1": {
    "accuracy": 0.7804090419806243,
    "macro_f1": 0.4821669243208727,
    "micro_f1": 0.7804090419806243,
    "weighted_f1": 0.7901987602960665
  },
  "Late_Fusion_B1": {
    "macro_f1": 0.45998832702369163,
    "micro_f1": 0.7631862217438106,
    "weighted_f1": 0.7793310212605761,
    "accuracy": 0.7631862217438106,
    "best_cnn_weight": 0.2
  },
  "Late_Fusion_TL_B1": {
    "macro_f1": 0.47226350513465465,
    "micro_f1": 0.7771797631862217,
    "weighted_f1": 0.778685227084225,
    "accuracy": 0.7771797631862217,
    "best_cnn_tl_weight": 0.4
  }
}