{
  "CNN_B1": {
    "accuracy": 0.7868675995694295,
    "macro_f1": 0.2697822679518806,
    "micro_f1": 0.7868675995694295,
    "weighted_f1": 0.7953321829441833
  },
  "FCNN_B1": {
    "accuracy": 0.7664155005382132,
    "macro_f1": 0.2607870368637705,
    "micro_f1": 0.7664155005382132,
    "weighted_f1": 0.792094818308453
  },
  "Intermediate_B1": {
    "accuracy": 0.798708288482239,
    "macro_f1": 0.2595739339973696,
    "micro_f1": 0.798708288482239,
    "weighted_f1": 0.7930510045929836
  },
  "CNN_TL_B1": {
    "accuracy": 0.8191603875134553,
    "macro_f1": 0.28052872992212147,
    "micro_f1": 0.8191603875134553,
    "weighted_f1": 0.8143742937869081
  },
  "Intermediate_TL_B1": {
    "accuracy": 0.8083961248654468,
    "macro_f1": 0.29221164212018624,
    "micro_f1": 0.8083961248654468,
    "weighted_f1": 0.8188746320939176
  },
  "Late_Fusion_B1": {
    "macro_f1": 0.24429022849334256,
    "micro_f1": 0.7782561894510226,
    "weighted_f1": 0.7766602849868315,
    "accuracy": 0.7782561894510226,
    "best_cnn_weight": 0.0
  }
}