{
  "B1 Baseline": {
    "accuracy": 0.8105489773950484,
    "macro_f1": 0.27739234396104345,
    "weighted_f1": 0.8092316785479936
  },
  "B2 Class Weights": {
    "accuracy": 0.7739504843918191,
    "macro_f1": 0.23956582107462418,
    "weighted_f1": 0.7665570995111917
  },
  "B3 Weights+Aug": {
    "accuracy": 0.7847147470398278,
    "macro_f1": 0.2530850183449287,
    "weighted_f1": 0.7819584103797562
  }
}