{
  "B1 Baseline": {
    "accuracy": 0.767491926803014,
    "macro_f1": 0.23169304633835527,
    "weighted_f1": 0.7649603033089127
  },
  "B2 Class Weights": {
    "accuracy": 0.7653390742734123,
    "macro_f1": 0.24370606233405476,
    "weighted_f1": 0.7674243262778551
  },
  "B3 Weights+Aug": {
    "accuracy": 0.7395048439181916,
    "macro_f1": 0.22241455960015608,
    "weighted_f1": 0.7579822251337057
  }
}