{
  "B1 Baseline": {
    "accuracy": 0.7922497308934338,
    "macro_f1": 0.2611729214640305,
    "weighted_f1": 0.7914009990110706
  },
  "B2 Class Weights": {
    "accuracy": 0.7793326157158235,
    "macro_f1": 0.24688545165076525,
    "weighted_f1": 0.7843207958671816
  },
  "B3 Weights+Aug": {
    "accuracy": 0.77502691065662,
    "macro_f1": 0.2293698723580943,
    "weighted_f1": 0.7540842165845834
  }
}