{
  "B1 Baseline": {
    "accuracy": 0.8385360602798708,
    "macro_f1": 0.28848035461191895,
    "weighted_f1": 0.8348804344339906,
    "best_cnn_weight": 0.4
  }
}